,Title,"Band Gap, HSE06","Dielectric Constant, Electronic",EBE
7,C2H8NGeF3,5.94,2.8,4.877394848050258
9,C2H8NGeF3,5.37,2.88,4.365608556220344
11,C2H8NGeF3,5.89,2.74,4.780347861995049
13,C2H8NGeF3,5.95,2.73,4.8322036534388
15,C2H8NGeF3,5.96,2.75,4.858403386276235
17,C2H8NGeF3,5.94,2.73,4.8222036534388
19,C2H8NGeF3,5.95,2.77,4.864253490689834
21,C2H8NGeF3,5.74,2.79,4.669763955847693
23,C2H8NGeF3,5.7,2.63,4.495584092398911
25,C3H10NGeF3,5.74,2.62,4.526372532007755
27,C3H10NGeF3,5.52,2.69,4.368713479459104
29,C3H10NGeF3,5.91,2.65,4.72369535189947
31,C3H10NGeF3,5.97,2.72,4.8439694540324965
33,C3H10NGeF3,5.73,2.72,4.603969454032498
35,C3H10NGeF3,6.04,2.75,4.938403386276235
37,C3H10NGeF3,5.82,2.73,4.702203653438799
39,C3H10NGeF3,5.69,2.72,4.563969454032497
41,C4H12NGeF3,6.05,2.66,4.872598169584774
43,C4H12NGeF3,5.95,2.61,4.727054888905627
45,C4H12NGeF3,5.55,2.66,4.372598169584774
47,C4H12NGeF3,6.22,2.72,5.0939694540324965
49,C3H10NGeF3,6.19,2.69,5.038713479459105
51,C3H10NGeF3,5.91,2.73,4.792203653438799
53,C3H10NGeF3,6.39,2.71,5.255643933050207
55,C3H10NGeF3,6.28,2.73,5.1622036534388
57,C3H10NGeF3,6.35,2.63,5.14558409239891
59,C3H10NGeF3,6.42,2.72,5.2939694540324975
61,C3H10NGeF3,6.12,2.68,4.960105759734076
63,C3H10NGeF3,6.06,2.74,4.9503478619950485
65,C3H10NGeF3,6.43,2.69,5.278713479459104
67,C2H8NGeF3,5.6,2.76,4.506371509230469
69,C2H8NGeF3,5.59,2.73,4.4722036534387986
71,C2H8NGeF3,5.79,2.72,4.663969454032497
73,C2H8NGeF3,5.84,2.7,4.69722573507737
75,C2H8NGeF3,5.93,2.68,4.770105759734076
77,C2H7N2GeF3,5.25,2.83,4.209804168951295
79,C2H7N2GeF3,5.48,2.82,4.432413813278259
81,C2H7N2GeF3,5.86,2.84,4.82711659501017
83,C2H7N2GeF3,5.26,2.85,4.234352183282736
85,C2H7N2GeF3,5.16,2.86,4.141512006542377
87,C2H7N2GeF3,5.15,2.79,4.079763955847693
89,CH6NGeF3,4.93,2.91,3.946210910205834
91,CH6NGeF3,4.72,2.89,3.722547336444011
93,CH6NGeF3,5.75,2.76,4.656371509230469
95,CH6NGeF3,5.24,2.77,4.154253490689834
97,CH6NGeF3,5.43,2.82,4.382413813278259
99,CH6NGeF3,4.92,2.68,3.760105759734076
101,CH6N3GeF3,5.85,2.89,4.852547336444011
103,CH6N3GeF3,5.83,2.91,4.846210910205834
105,CH6N3GeF3,5.5,2.97,4.555558458741628
107,H4NOGe3F,5.41,3.06,4.520296852568887
109,H4NOGe3F,5.45,2.84,4.41711659501017
111,H4NOGe3F,5.62,2.94,4.656185803220189
113,H4NOGe3F,6.06,2.92,5.082937653489635
115,H4NOGe3F,5.6,2.93,4.629595639869308
117,H4NOGe3F,5.92,2.94,4.956185803220189
119,H4NOGe3F,5.77,2.89,4.772547336444011
121,CH5N2GeF3,5.29,2.94,4.326185803220189
123,CH5N2GeF3,4.53,2.92,3.5529376534896353
125,C4H12NGeF3,6.37,2.58,5.118448952694253
127,C4H12NGeF3,6.03,2.59,4.78809478223551
129,H5N2GeF3,5.55,3.03,4.642591751213282
131,H5N2GeF3,5.8,2.88,4.795608556220344
133,H5N2GeF3,5.4,3.02,4.486572475846896
135,H5N2GeF3,5.72,2.9,4.729414460013558
137,H5N2GeF3,5.36,2.96,4.4091663176490625
139,H5N2GeF3,5.86,2.89,4.8625473364440115
141,H5N2GeF3,5.3,2.97,4.355558458741628
143,H5N2GeF3,5.58,2.87,4.568597118905659
145,H4NGeF3,5.87,2.87,4.85859711890566
147,H4NGeF3,4.92,2.97,3.975558458741628
149,C3H10NGeF3,6.02,2.65,4.833695351899469
151,C3H10NGeF3,5.29,2.67,4.1214011430534905
153,C3H10NGeF3,6.38,2.62,5.166372532007754
155,C3H10NGeF3,6.16,2.58,4.908448952694253
157,C3H10NGeF3,6.63,2.63,5.4255840923989105
159,C3H10NGeF3,6.31,2.59,5.06809478223551
161,C3H10NGeF3,6.04,2.59,4.79809478223551
163,C3H8NGeF3,5.46,2.74,4.350347861995049
165,C3H8NGeF3,5.87,2.82,4.822413813278259
167,C3H8NGeF3,5.57,2.76,4.47637150923047
169,C3H8NGeF3,5.49,2.84,4.45711659501017
171,C3H8NGeF3,5.24,2.71,4.1056439330502075
173,C3H8NGeF3,5.18,2.74,4.070347861995049
175,C3H8NGeF3,5.55,2.63,4.34558409239891
177,C3H8NGeF3,5.52,2.78,4.442050567868384
179,C3H8NGeF3,5.65,2.78,4.572050567868385
181,C3H8NGeF3,5.63,2.78,4.552050567868385
183,C3H8NGeF3,5.49,2.76,4.39637150923047
185,C3H8NGeF3,5.69,2.71,4.555643933050208
187,C3H8NGeF3,6.1,2.66,4.922598169584774
189,C3H5N2GeF3,5.04,2.99,4.108150871770341
191,C3H5N2GeF3,5.23,2.99,4.298150871770342
193,C3H5N2GeF3,5.14,2.86,4.1215120065423765
195,C3H5N2GeF3,5.13,2.95,4.17270906161609
197,C3H5N2GeF3,4.83,2.94,3.866185803220189
199,C3H5N2GeF3,4.52,2.98,3.581886357451694
201,C2H8NGeCl3,3.69,3.23,2.8914852638014383
203,C2H8NGeCl3,3.56,3.31,2.799617711477079
205,C2H8NGeCl3,4.72,3.06,3.8302968525688863
207,C2H8NGeCl3,4.67,3.12,3.8141871721640808
209,C2H8NGeCl3,4.5,3.14,3.6550545264223726
211,C2H8NGeCl3,4.67,2.93,3.6995956398693086
213,C2H8NGeCl3,3.69,3.43,2.9818916105291184
215,C2H8NGeCl3,4.32,3.09,3.447488778784683
217,C2H8NGeCl3,3.14,3.26,2.3561142316905066
219,C2H8NGeCl3,4.54,2.92,3.562937653489635
221,C3H10NGeCl3,4.39,2.91,3.406210910205834
223,C3H10NGeCl3,4.24,2.92,3.2629376534896353
225,C3H10NGeCl3,3.86,2.97,2.915558458741628
227,C3H10NGeCl3,3.98,3.05,3.0844531694398305
229,C3H10NGeCl3,4.19,3.11,3.328674704429651
231,C3H10NGeCl3,3.7,3.17,2.8709715101865902
233,C3H10NGeCl3,4.72,2.87,3.7085971189056592
235,C3H10NGeCl3,4.38,2.95,3.4227090616160902
237,C3H10NGeCl3,4.24,3.03,3.3325917512132825
239,C3H10NGeCl3,4.83,2.84,3.79711659501017
241,C3H10NGeCl3,3.99,3.04,3.088551723588343
243,C4H12NGeCl3,4.3,2.87,3.2885971189056593
245,C4H12NGeCl3,4.42,2.86,3.4015120065423767
247,C4H12NGeCl3,4.61,2.71,3.4756439330502076
249,C3H10NGeCl3,4.47,3.02,3.5565724758468953
251,C3H10NGeCl3,4.18,3.02,3.2665724758468953
253,C3H10NGeCl3,4.04,3.08,3.161813924008478
255,C3H10NGeCl3,4.74,2.87,3.7285971189056597
257,C3H10NGeCl3,4.78,2.74,3.670347861995049
259,C3H10NGeCl3,5.03,2.93,4.0595956398693085
261,C3H10NGeCl3,4.65,2.97,3.7055584587416286
263,C3H10NGeCl3,4.83,2.98,3.8918863574516944
265,C2H8NGeCl3,3.77,3.14,2.9250545264223726
267,C2H8NGeCl3,3.8,3.16,2.9657161921881534
269,C2H8NGeCl3,3.8,3.13,2.949646889190869
271,C2H8NGeCl3,4.25,3.16,3.4157161921881536
273,C2H8NGeCl3,4.21,3.24,3.416406760470396
275,C2H8NGeCl3,4.69,3.07,3.8060835243571844
277,C2H8NGeCl3,4.72,3.07,3.836083524357184
279,C2H7N2GeCl3,3.94,3.18,3.116177327707965
281,C2H7N2GeCl3,3.76,3.24,2.9664067604703956
283,C2H7N2GeCl3,4.65,3.23,3.8514852638014387
285,C2H7N2GeCl3,4.57,3.23,3.7714852638014387
287,C2H7N2GeCl3,4.86,3.09,3.987488778784683
289,CH6NGeCl3,2.81,3.76,2.2207327699690205
291,CH6NGeCl3,4.41,3.25,3.6212828978664167
293,CH6NGeCl3,4.46,3.2,3.646442930538479
295,CH6NGeCl3,4.13,3.46,3.4341177126460978
297,CH6NGeCl3,3.86,3.31,3.099617711477079
299,CH6N3GeCl3,4.04,3.32,3.284191429154633
301,CH6N3GeCl3,3.64,3.39,2.915082500910541
303,CH6N3GeCl3,4.52,3.35,3.777667686229808
305,H4NOGe3Cl,2.56,4.14,2.0739428929913197
307,H4NOGe3Cl,3.81,3.66,3.1880924787776603
309,H4NOGe3Cl,3.9,3.63,3.2677705384964617
311,H4NOGe3Cl,4.24,3.71,3.6347425264793216
313,H4NOGe3Cl,4.41,3.64,3.781239555059325
315,H4NOGe3Cl,4.24,3.69,3.628163689214535
317,H4NOGe3Cl,4.4,3.64,3.771239555059325
319,CH5N2GeCl3,3.45,3.51,2.773802210104953
321,CH5N2GeCl3,3.68,3.53,3.0114428017810937
323,CH5N2GeCl3,4.41,3.18,3.5861773277079654
325,C4H12NGeCl3,4.49,2.88,3.4856085562203445
327,C4H12NGeCl3,4.61,2.87,3.59859711890566
329,C4H12NGeCl3,4.54,2.79,3.469763955847693
331,H5N2GeCl3,2.49,4.04,1.9795828600574716
333,H5N2GeCl3,4.36,3.64,3.731239555059325
335,H5N2GeCl3,2.68,4.04,2.1695828600574716
337,H5N2GeCl3,4.36,3.64,3.731239555059325
339,H5N2GeCl3,4.57,3.46,3.874117712646098
341,H5N2GeCl3,4.55,3.43,3.8418916105291183
343,H5N2GeCl3,4.39,3.63,3.7577705384964615
345,H5N2GeCl3,4.41,3.48,3.7220933750094156
347,H5N2GeCl3,3.95,3.7,3.3414664432954
349,H5N2GeCl3,4.36,3.62,3.724272733487533
351,H4NGeCl3,4.55,3.41,3.833560995236885
353,H4NGeCl3,2.9,3.75,2.3075858210641083
355,C3H10NGeCl3,3.9,2.98,2.9618863574516943
357,C3H10NGeCl3,3.81,3.0,2.8843528454126695
359,C3H10NGeCl3,4.43,2.96,3.479166317649062
361,C3H10NGeCl3,4.7,2.92,3.7229376534896352
363,C3H10NGeCl3,4.34,2.93,3.3695956398693085
365,C3H10NGeCl3,4.7,2.83,3.659804168951295
367,C3H10NGeCl3,4.9,2.83,3.859804168951295
369,C3H10NGeCl3,4.87,2.9,3.8794144600135585
371,C3H8NGeCl3,3.62,3.23,2.8214852638014385
373,C3H8NGeCl3,3.56,3.2,2.746442930538479
375,C3H8NGeCl3,3.77,3.2,2.956442930538479
377,C3H8NGeCl3,3.66,3.28,2.8856446691621453
379,C3H8NGeCl3,4.32,3.0,3.3943528454126697
381,C3H8NGeCl3,4.01,3.06,3.1202968525688863
383,C3H8NGeCl3,4.16,3.07,3.276083524357184
385,C3H8NGeCl3,4.81,3.12,3.9541871721640804
387,C3H8NGeCl3,4.72,3.11,3.8586747044296503
389,C3H8NGeCl3,4.8,3.11,3.9386747044296504
391,C3H8NGeCl3,4.67,3.17,3.84097151018659
393,C3H8NGeCl3,4.15,3.28,3.3756446691621456
395,C3H8NGeCl3,4.42,2.91,3.4362109102058342
397,C3H8NGeCl3,4.48,2.89,3.4825473364440116
399,C3H5N2GeCl3,3.58,3.21,2.771503926467525
401,C3H5N2GeCl3,3.9,3.28,3.125644669162145
403,C3H5N2GeCl3,4.18,3.18,3.356177327707965
405,C3H5N2GeCl3,4.44,3.38,3.710786702909039
407,C3H5N2GeCl3,4.42,3.39,3.695082500910541
409,C3H5N2GeCl3,4.56,3.39,3.8350825009105405
411,C2H8NGeBr3,2.84,3.82,2.26909840798731
413,C2H8NGeBr3,2.9,3.83,2.332075725426857
415,C2H8NGeBr3,3.95,3.55,3.288954620806509
417,C2H8NGeBr3,3.97,3.61,3.3307458206055838
419,C2H8NGeBr3,3.69,3.72,3.087992225164327
421,C2H8NGeBr3,3.94,3.38,3.210786702909039
423,C2H8NGeBr3,3.3,3.89,2.749460128383636
425,C2H8NGeBr3,3.67,3.57,3.016340544744488
427,C2H8NGeBr3,3.89,3.56,3.2326631429675885
429,C2H8NGeBr3,2.71,3.72,2.1079922251643275
431,C2H8NGeBr3,3.99,3.37,3.25645260667207
433,C3H10NGeBr3,3.59,3.3,2.8250023515807183
435,C3H10NGeBr3,3.32,3.35,2.5776676862298085
437,C3H10NGeBr3,3.19,3.37,2.4564526066720695
439,C3H10NGeBr3,3.34,3.55,2.6789546208065085
441,C3H10NGeBr3,3.22,3.45,2.5200777659075007
443,C3H10NGeBr3,3.2,3.63,2.567770538496462
445,C3H10NGeBr3,4.05,3.27,3.2709013091597248
447,C3H10NGeBr3,3.96,3.18,3.136177327707965
449,C3H10NGeBr3,4.22,3.14,3.3750545264223724
451,C3H10NGeBr3,3.38,3.45,2.680077765907501
453,C3H10NGeBr3,4.26,3.14,3.4150545264223724
455,C3H10NGeBr3,3.86,3.2,3.046442930538479
457,C3H10NGeBr3,3.28,3.48,2.5920933750094153
459,C4H12NGeBr3,3.57,3.2,2.756442930538479
461,C4H12NGeBr3,3.66,3.21,2.851503926467525
463,C4H12NGeBr3,4.03,2.98,3.0918863574516946
465,C3H10NGeBr3,3.68,3.42,2.9677445717241224
467,C3H10NGeBr3,3.39,3.44,2.6860025358905175
469,C3H10NGeBr3,3.13,3.47,2.438122782243356
471,C3H10NGeBr3,3.13,3.47,2.438122782243356
473,C3H10NGeBr3,3.9,3.17,3.07097151018659
475,C3H10NGeBr3,4.07,3.21,3.261503926467525
477,C3H10NGeBr3,4.2,3.2,3.3864429305384793
479,C3H10NGeBr3,3.99,3.36,3.2520797555904575
481,C3H10NGeBr3,4.16,3.38,3.430786702909039
483,C2H8NGeBr3,3.14,3.64,2.5112395550593245
485,C2H8NGeBr3,3.17,3.65,2.5446800982333664
487,C2H8NGeBr3,3.17,3.63,2.5377705384964617
489,C2H8NGeBr3,3,3.72,2.3979922251643275
491,C2H8NGeBr3,3.59,3.69,2.9781636892145347
493,C2H8NGeBr3,3.68,3.69,3.068163689214535
495,C2H8NGeBr3,3.94,3.57,3.286340544744488
497,C2H8NGeBr3,4.01,3.54,3.345214626122285
499,C2H8NGeBr3,4.06,3.54,3.395214626122285
501,C2H7N2GeBr3,3.12,3.63,2.487770538496462
503,C2H7N2GeBr3,3.19,3.61,2.5507458206055835
505,C2H7N2GeBr3,2.99,3.72,2.3879922251643277
507,C2H7N2GeBr3,3.98,3.67,3.3614770032232792
509,C2H7N2GeBr3,3.81,3.71,3.2047425264793215
511,C2H7N2GeBr3,4.32,3.39,3.595082500910541
513,CH6NGeBr3,2.3,4.38,1.8657500682176154
515,CH6NGeBr3,2.38,4.33,1.9356632980448998
517,CH6NGeBr3,3.71,3.86,3.15086925881997
519,CH6NGeBr3,3.76,3.76,3.17073276996902
521,CH6NGeBr3,3.37,4.09,2.8719862153331235
523,CH6NGeBr3,3.36,3.97,2.831424576560604
525,CH6N3GeBr3,3.1,3.83,2.532075725426857
527,CH6N3GeBr3,2.88,3.95,2.3460583630004184
529,CH6N3GeBr3,3.74,3.86,3.1808692588199703
531,H4NOGe3Br,2.25,4.8,1.888419080239324
533,H4NOGe3Br,3.16,4.51,2.7504236266642756
535,H4NOGe3Br,3.17,4.51,2.7604236266642754
537,H4NOGe3Br,3.01,4.6,2.6162937433229687
539,H4NOGe3Br,3.56,4.3,3.109441622969931
541,H4NOGe3Br,3.59,4.21,3.119971937007466
543,H4NOGe3Br,3.55,4.35,3.1097397600060255
545,CH5N2GeBr3,2.58,4.17,2.10091136349706
547,CH5N2GeBr3,2.64,4.15,2.1562825146589653
549,CH5N2GeBr3,3.99,3.58,3.33998717336491
551,C4H12NGeBr3,3.47,3.26,2.6861142316905067
553,C4H12NGeBr3,3.69,3.21,2.8815039264675253
555,C4H12NGeBr3,4.02,3.06,3.130296852568886
557,H5N2GeBr3,2.14,4.66,1.756366833461384
559,H5N2GeBr3,2.36,4.77,1.9938565900924288
561,H5N2GeBr3,3.56,4.25,3.098777888371711
563,H5N2GeBr3,3.75,4.13,3.2615862559265767
565,H5N2GeBr3,3.87,4.0,3.349323475544627
567,H5N2GeBr3,3.36,4.32,2.9136038027645976
569,H5N2GeBr3,3.37,4.35,2.9297397600060258
571,H5N2GeBr3,3.81,4.06,3.3045992142926317
573,H5N2GeBr3,3.17,4.41,2.7416381347645284
575,H5N2GeBr3,3.39,4.3,2.939441622969931
577,H5N2GeBr3,3.33,4.42,2.9035742311128985
579,H4NGeBr3,3.74,4.0,3.219323475544627
581,H4NGeBr3,2.76,4.16,2.2786052843422953
583,H4NGeBr3,3.71,4.04,3.1995828600574714
585,H4NGeBr3,3.71,4.03,3.1970466297258175
587,C3H10NGeBr3,3.21,3.41,2.4935609952368853
589,C3H10NGeBr3,3.38,3.39,2.6550825009105408
591,C3H10NGeBr3,3.87,3.28,3.0956446691621453
593,C3H10NGeBr3,3.89,3.27,3.1109013091597255
595,C3H10NGeBr3,3.48,3.32,2.724191429154633
597,C3H10NGeBr3,4.06,3.19,3.241334264474015
599,C3H10NGeBr3,4.2,3.17,3.3709715101865902
601,C3H10NGeBr3,3.84,3.4,3.119340450580798
603,C3H10NGeBr3,4.19,3.27,3.4109013091597253
605,C3H8NGeBr3,2.82,3.79,2.240024617533575
607,C3H8NGeBr3,2.83,3.81,2.256097616351088
609,C3H8NGeBr3,2.96,3.75,2.3675858210641083
611,C3H8NGeBr3,2.8,3.84,2.2350298128739436
613,C3H8NGeBr3,3.58,3.43,2.8718916105291186
615,C3H8NGeBr3,3.51,3.55,2.8489546208065084
617,C3H8NGeBr3,3.6,3.59,2.953603371227258
619,C3H8NGeBr3,4.03,3.75,3.4375858210641086
621,C3H8NGeBr3,4.1,3.63,3.4677705384964614
623,C3H8NGeBr3,4.1,3.64,3.4712395550593245
625,C3H8NGeBr3,3.97,3.61,3.3307458206055838
627,C3H8NGeBr3,4.08,3.36,3.3420797555904573
629,C3H8NGeBr3,3.76,3.81,3.1860976163510877
631,C3H8NGeBr3,3.62,3.77,3.033854710067194
633,C3H8NGeBr3,3.8,3.36,3.062079755590457
635,C3H8NGeBr3,3.89,3.34,3.143215928207719
637,C3H5N2GeBr3,2.88,3.67,2.261477003223279
639,C3H5N2GeBr3,3.13,3.71,2.5247425264793213
641,C3H5N2GeBr3,3.4,3.61,2.7607458206055835
643,C3H5N2GeBr3,3.16,3.69,2.548163689214535
645,C3H5N2GeBr3,3.87,3.82,3.2990984079873105
647,C3H5N2GeBr3,3.82,3.82,3.24909840798731
649,C3H5N2GeBr3,3.92,3.85,3.357960911365426
651,C3H5N2GeBr3,3.87,3.86,3.31086925881997
653,C2H8NGeI3,2.23,4.83,1.8728968193405615
655,C2H8NGeI3,2.34,4.7,1.9628689727801731
657,C2H8NGeI3,3.07,4.29,2.6173386695743894
659,C2H8NGeI3,3.1,4.36,2.6617569864023456
661,C2H8NGeI3,3.1,4.49,2.6867667128989456
663,C2H8NGeI3,3.1,4.32,2.653603802764598
665,C2H8NGeI3,3.15,4.2,2.6777310435778925
667,C2H8NGeI3,2.84,4.56,2.439356321594819
669,C2H8NGeI3,3.14,4.37,2.703760380413262
671,C2H8NGeI3,3.04,4.35,2.5997397600060257
673,C2H8NGeI3,2.24,4.41,1.8116381347645287
675,C2H8NGeI3,3.33,4.17,2.85091136349706
677,C3H10NGeI3,2.63,3.93,2.0906100142256685
679,C3H10NGeI3,2.52,4.03,2.007046629725817
681,C3H10NGeI3,2.47,4.07,1.9670797052028102
683,C3H10NGeI3,2.41,4.31,1.9615299556265322
685,C3H10NGeI3,2.5,4.14,2.0139428929913197
687,C3H10NGeI3,2.57,4.37,2.133760380413262
689,C3H10NGeI3,3.32,3.98,2.7940773975855424
691,C3H10NGeI3,3.45,3.74,2.8544135955213212
693,C3H10NGeI3,3.4,3.63,2.7677705384964617
695,C3H10NGeI3,3.41,3.8,2.8330731030965395
697,C3H10NGeI3,3.46,3.71,2.8547425264793214
699,C3H10NGeI3,2.54,4.18,2.0632009116500325
701,C4H12NGeI3,2.77,3.79,2.190024617533575
703,C4H12NGeI3,2.76,3.8,2.183073103096539
705,C4H12NGeI3,2.88,3.83,2.3120757254268574
707,C4H12NGeI3,3.32,3.46,2.6241177126460977
709,C3H10NGeI3,2.72,4.07,2.21707970520281
711,C3H10NGeI3,2.62,4.19,2.1454740864265998
713,C3H10NGeI3,2.45,4.23,1.984406139234782
715,C3H10NGeI3,2.47,4.21,1.999971937007466
717,C3H10NGeI3,3.27,3.86,2.71086925881997
719,C3H10NGeI3,3.39,3.86,2.83086925881997
721,C3H10NGeI3,3.25,3.86,2.69086925881997
723,C3H10NGeI3,3.35,3.89,2.799460128383637
725,C3H10NGeI3,3.27,4.04,2.7595828600574714
727,C3H10NGeI3,3.4,4.01,2.881917127922962
729,C2H8NGeI3,2.55,4.43,2.1254972310031652
731,C2H8NGeI3,2.56,4.44,2.1374072522884724
733,C2H8NGeI3,2.57,4.42,2.1435742311128982
735,C2H8NGeI3,2.22,4.6,1.8262937433229691
737,C2H8NGeI3,3.14,4.36,2.7017569864023456
739,C2H8NGeI3,3.19,4.38,2.7557500682176155
741,C2H8NGeI3,3.34,4.05,2.832100326701053
743,C2H8NGeI3,3.21,4.33,2.7656632980449
745,C2H7N2GeI3,2.44,4.41,2.0116381347645285
747,C2H7N2GeI3,2.47,4.38,2.0357500682176157
749,C2H7N2GeI3,2.31,4.54,1.9058186462338695
751,C2H7N2GeI3,3.14,4.39,2.7077261745587675
753,C2H7N2GeI3,3.17,4.42,2.7435742311128983
755,C2H7N2GeI3,3.38,4.2,2.9077310435778925
757,CH6NGeI3,1.97,5.33,1.6767530108069664
759,CH6NGeI3,2.03,5.28,1.731172793586218
761,CH6NGeI3,2.97,4.84,2.6143709279042597
763,CH6NGeI3,3.01,4.61,2.617999943945023
765,CH6NGeI3,2.8,4.94,2.458623137926946
767,CH6NGeI3,2.89,4.94,2.5486231379269464
769,CH6N3GeI3,2.23,4.71,1.8544686784099433
771,CH6N3GeI3,2.27,4.88,1.920177019312434
773,CH6N3GeI3,2.85,4.73,2.4776377049338274
775,H4NOGe3I,2.11,5.55,1.839540641464622
777,H4NOGe3I,2.55,5.66,2.2899510422378238
779,H4NOGe3I,2.56,5.63,2.297172266332481
781,H4NOGe3I,2.47,5.72,2.215378001635594
783,H4NOGe3I,2.91,5.36,2.620026439933519
785,H4NOGe3I,3.02,5.04,2.692035446929092
787,H4NOGe3I,2.92,5.54,2.6485633726724584
789,CH5N2GeI3,1.97,5.16,1.6571122381735632
791,CH5N2GeI3,2.03,5.19,1.7207189833982657
793,CH5N2GeI3,3.43,4.19,2.9554740864266
795,C4H12NGeI3,2.62,3.96,2.0887516330421656
797,C4H12NGeI3,3.38,3.57,2.726340544744488
799,H5N2GeI3,1.88,5.63,1.6171722663324812
801,H5N2GeI3,2.52,5.36,2.230026439933519
803,H5N2GeI3,1.92,5.74,1.6671492797264147
805,H5N2GeI3,2.73,5.2,2.421907381979069
807,H5N2GeI3,3.11,4.96,2.771370626654934
809,H5N2GeI3,3.21,4.95,2.870001045146986
811,H5N2GeI3,2.72,5.41,2.4353616260951014
813,H5N2GeI3,2.59,5.31,2.2945398338321263
815,H5N2GeI3,3.28,4.92,2.9358420751831753
817,H5N2GeI3,2.68,5.45,2.399524471297501
819,H5N2GeI3,2.63,5.27,2.330037648524786
821,H4NGeI3,3.07,4.84,2.7143709279042594
823,H4NGeI3,2.59,4.78,2.2253869683966503
825,H4NGeI3,3.09,4.79,2.7269077718766055
827,C3H10NGeI3,2.54,4.16,2.0586052843422955
829,C3H10NGeI3,2.54,4.13,2.0515862559265767
831,C3H10NGeI3,2.83,3.84,2.265029812873944
833,C3H10NGeI3,2.56,4.0,2.039323475544627
835,C3H10NGeI3,3.19,3.82,2.6190984079873103
837,C3H10NGeI3,3.28,3.98,2.7540773975855424
839,C3H10NGeI3,3.36,3.86,2.80086925881997
841,C3H10NGeI3,3.19,4.1,2.694412588263773
843,C3H10NGeI3,3.39,3.92,2.8478545143113565
845,C3H8NGeI3,2.23,4.7,1.8528689727801733
847,C3H8NGeI3,2.32,4.73,1.9476377049338272
849,C3H8NGeI3,2.28,4.79,1.9169077718766054
851,C3H8NGeI3,2.09,4.76,1.7223165564187743
853,C3H8NGeI3,3.05,4.26,2.5909407088934087
855,C3H8NGeI3,3.06,4.33,2.6156632980449
857,C3H8NGeI3,2.98,4.43,2.5554972310031654
859,C3H8NGeI3,3.11,4.6,2.716293743322969
861,C3H8NGeI3,3.35,4.16,2.8686052843422956
863,C3H8NGeI3,3.21,4.3,2.759441622969931
865,C3H8NGeI3,3.31,4.09,2.811986215333124
867,C3H8NGeI3,2.98,4.62,2.5896950773371015
869,C3H8NGeI3,3.09,4.42,2.6635742311128983
871,C3H8NGeI3,3.2,4.16,2.7186052843422956
873,C3H8NGeI3,3.21,4.14,2.7239428929913196
875,C3H5N2GeI3,2.33,4.43,1.9054972310031657
877,C3H5N2GeI3,2.4,4.43,1.9754972310031655
879,C3H5N2GeI3,2.47,4.43,2.0454972310031656
881,C3H5N2GeI3,3.21,4.42,2.7835742311128984
883,C3H5N2GeI3,3.1,4.42,2.6735742311128985
885,C3H5N2GeI3,3.22,4.57,2.82110776727272
887,C3H5N2GeI3,3,4.39,2.567726174558768
889,C3H5N2GeI3,3.18,4.53,2.7740322114875093
891,C2H8NSnF3,5.01,2.96,4.059166317649062
893,C2H8NSnF3,4.87,3.02,3.9565724758468956
895,C2H8NSnF3,4.86,2.94,3.896185803220189
897,C2H8NSnF3,5.04,2.89,4.042547336444011
899,C2H8NSnF3,5.13,2.93,4.159595639869308
901,C2H8NSnF3,5.47,2.96,4.519166317649062
903,C2H8NSnF3,4.48,3.02,3.566572475846896
905,C2H8NSnF3,5.14,2.93,4.169595639869308
907,C2H8NSnF3,4.35,2.96,3.399166317649062
909,C2H8NSnF3,3.98,3.0,3.0543528454126694
911,C2H8NSnF3,4.86,2.84,3.82711659501017
913,C3H10NSnF3,4.85,2.8,3.787394848050258
915,C3H10NSnF3,5.04,2.89,4.042547336444011
917,C3H10NSnF3,5.17,2.84,4.13711659501017
919,C3H10NSnF3,5.14,2.89,4.142547336444011
921,C3H10NSnF3,5.1,2.89,4.102547336444011
923,C3H10NSnF3,5.08,2.9,4.0894144600135585
925,C3H10NSnF3,5.23,2.96,4.279166317649063
927,C3H10NSnF3,5.07,2.91,4.086210910205835
929,C3H10NSnF3,4.8,2.94,3.8361858032201885
931,C3H10NSnF3,5.09,2.88,4.085608556220344
933,C4H12NSnF3,5.36,2.74,4.250347861995049
935,C4H12NSnF3,5.3,2.73,4.182203653438799
937,C4H12NSnF3,4.85,2.83,3.8098041689512945
939,C4H12NSnF3,5.53,2.81,4.47494441670116
941,C3H10NSnF3,5.54,2.85,4.514352183282736
943,C3H10NSnF3,4.96,2.92,3.982937653489635
945,C3H10NSnF3,5.6,2.83,4.5598041689512945
947,C3H10NSnF3,5.58,2.85,4.554352183282736
949,C3H10NSnF3,5.19,2.9,4.199414460013559
951,C3H10NSnF3,5.4,2.88,4.395608556220345
953,C3H10NSnF3,5.16,2.83,4.119804168951295
955,C3H10NSnF3,5.12,2.91,4.136210910205834
957,C3H10NSnF3,5.37,2.81,4.3149444167011595
959,C2H8NSnF3,4.86,3.0,3.9343528454126697
961,C2H8NSnF3,4.89,3.02,3.976572475846895
963,C2H8NSnF3,5.07,2.97,4.1255584587416285
965,C2H8NSnF3,4.76,2.96,3.809166317649062
967,C2H8NSnF3,5.06,2.9,4.069414460013558
969,C2H8NSnF3,5.11,2.89,4.1125473364440115
971,C2H8NSnF3,5.14,2.88,4.135608556220344
973,C2H8NSnF3,5.04,2.84,4.00711659501017
975,C2H8NSnF3,5.04,2.97,4.095558458741628
977,C2H7N2SnF3,4.4,3.04,3.498551723588343
979,C2H7N2SnF3,4.74,3.04,3.838551723588343
981,C2H7N2SnF3,4.68,3.04,3.7785517235883423
983,C2H7N2SnF3,4.46,3.05,3.5644531694398305
985,C2H7N2SnF3,4.32,3.07,3.4360835243571843
987,C2H7N2SnF3,4.56,3.1,3.6931088042366307
989,CH6NSnF3,4.32,3.18,3.4961773277079655
991,CH6NSnF3,4.99,3.05,4.094453169439831
993,CH6NSnF3,4.71,3.06,3.8202968525688865
995,CH6NSnF3,4.56,3.0,3.634352845412669
997,CH6NSnF3,4.71,3.05,3.8144531694398305
999,CH6NSnF3,4.4,2.86,3.381512006542377
1001,CH6N3SnF3,5.32,3.1,4.453108804236631
1003,CH6N3SnF3,4.19,3.23,3.3914852638014388
1005,H4NOSn3F,4.92,3.31,4.159617711477079
1007,H4NOSn3F,4.81,3.26,4.026114231690506
1009,H4NOSn3F,4.57,3.1,3.7031088042366314
1011,H4NOSn3F,5.33,3.22,4.526517843516263
1013,H4NOSn3F,4.93,3.18,4.1061773277079645
1015,CH5N2SnF3,4.66,3.13,3.8096468891908692
1017,CH5N2SnF3,3.85,3.16,3.0157161921881537
1019,C4H12NSnF3,5.68,2.71,4.545643933050207
1021,H5N2SnF3,5.08,3.19,4.261334264474015
1023,H5N2SnF3,5.01,3.12,4.154187172164081
1025,H5N2SnF3,4.93,3.17,4.10097151018659
1027,H5N2SnF3,4.97,3.17,4.14097151018659
1029,H5N2SnF3,3.97,3.31,3.209617711477079
1031,H5N2SnF3,4.76,3.13,3.909646889190869
1033,H5N2SnF3,4.93,3.14,4.085054526422373
1035,H5N2SnF3,4.77,3.13,3.9196468891908687
1037,H4NSnF3,4.95,3.15,4.110410744138476
1039,H4NSnF3,4.91,3.05,4.014453169439831
1041,H4NSnF3,4.91,3.15,4.070410744138476
1043,C3H10NSnF3,5.65,2.8,4.587394848050259
1045,C3H10NSnF3,4.42,2.86,3.4015120065423767
1047,C3H10NSnF3,5.6,2.77,4.514253490689834
1049,C3H10NSnF3,4.68,2.86,3.6615120065423765
1051,C3H10NSnF3,5.38,2.8,4.317394848050258
1053,C3H10NSnF3,5.43,2.73,4.312203653438798
1055,C3H10NSnF3,5.36,2.81,4.30494441670116
1057,C3H8NSnF3,4.71,2.92,3.732937653489635
1059,C3H8NSnF3,4.76,2.94,3.7961858032201885
1061,C3H8NSnF3,5.21,3.01,4.2904931081019
1063,C3H8NSnF3,4.55,3.05,3.6544531694398303
1065,C3H8NSnF3,4.56,2.9,3.569414460013558
1067,C3H8NSnF3,4.53,2.9,3.5394144600135586
1069,C3H8NSnF3,4.55,2.8,3.487394848050258
1071,C3H8NSnF3,4.62,3.0,3.6943528454126695
1073,C3H8NSnF3,4.61,2.98,3.6718863574516947
1075,C3H8NSnF3,4.62,2.99,3.6881508717703415
1077,C3H8NSnF3,4.61,3.0,3.6843528454126697
1079,C3H8NSnF3,4.41,3.0,3.4843528454126695
1081,C3H8NSnF3,4.93,2.86,3.9115120065423765
1083,C3H8NSnF3,4.93,2.87,3.918597118905659
1085,C3H5N2SnF3,4.7,3.22,3.8965178435162637
1087,C3H5N2SnF3,4.8,3.22,3.9965178435162634
1089,C3H5N2SnF3,4.33,3.1,3.463108804236631
1091,C3H5N2SnF3,4.35,3.09,3.477488778784682
1093,C3H5N2SnF3,4.46,3.14,3.6150545264223726
1095,C3H5N2SnF3,4.45,3.15,3.610410744138476
1097,C3H5N2SnF3,4.47,3.14,3.6250545264223724
1099,C3H5N2SnF3,4.16,3.15,3.320410744138476
1101,C3H5N2SnF3,3.99,3.17,3.1609715101865903
1103,C2H8NSnCl3,3.02,3.58,2.3699871733649096
1105,C2H8NSnCl3,2.83,3.68,2.2148339739421394
1107,C2H8NSnCl3,4.25,3.25,3.4612828978664165
1109,C2H8NSnCl3,4.24,3.28,3.4656446691621454
1111,C2H8NSnCl3,3.95,3.33,3.1987240040683953
1113,C2H8NSnCl3,4.27,3.28,3.495644669162145
1115,C2H8NSnCl3,4.15,3.07,3.2660835243571844
1117,C2H8NSnCl3,4.27,3.21,3.4615039264675245
1119,C2H8NSnCl3,4.01,3.41,3.293560995236885
1121,C2H8NSnCl3,2.29,3.52,1.617638785568991
1123,C2H8NSnCl3,4.19,3.21,3.3815039264675253
1125,C3H10NSnCl3,3.97,3.06,3.0802968525688867
1127,C3H10NSnCl3,3.76,3.09,2.8874887787846824
1129,C3H10NSnCl3,3.26,3.2,2.446442930538479
1131,C3H10NSnCl3,3.58,3.37,2.8464526066720697
1133,C3H10NSnCl3,3.52,3.28,2.7456446691621452
1135,C3H10NSnCl3,3.56,3.38,2.830786702909039
1137,C3H10NSnCl3,4.22,2.98,3.281886357451694
1139,C3H10NSnCl3,4.39,3.23,3.591485263801438
1141,C3H10NSnCl3,4.41,2.99,3.4781508717703415
1143,C3H10NSnCl3,4.22,2.98,3.281886357451694
1145,C3H10NSnCl3,4.11,3.05,3.214453169439831
1147,C3H10NSnCl3,4.29,3.01,3.3704931081019
1149,C3H10NSnCl3,3.87,3.17,3.04097151018659
1151,C4H12NSnCl3,3.75,3.04,2.8485517235883426
1153,C4H12NSnCl3,3.95,3.07,3.0660835243571842
1155,C4H12NSnCl3,4.17,2.83,3.1298041689512948
1157,C3H10NSnCl3,3.89,3.22,3.0865178435162637
1159,C3H10NSnCl3,3.44,3.34,2.6932159282077186
1161,C3H10NSnCl3,3.49,3.27,2.710901309159725
1163,C3H10NSnCl3,3.84,3.3,3.0750023515807183
1165,C3H10NSnCl3,4.26,2.86,3.2415120065423766
1167,C3H10NSnCl3,4.2,3.01,3.2804931081019
1169,C3H10NSnCl3,4.53,3.09,3.657488778784683
1171,C3H10NSnCl3,4.23,3.05,3.334453169439831
1173,C3H10NSnCl3,4.35,3.17,3.5209715101865897
1175,C2H8NSnCl3,3.48,3.43,2.7718916105291185
1177,C2H8NSnCl3,3.28,3.48,2.5920933750094153
1179,C2H8NSnCl3,2.92,3.51,2.2438022101049526
1181,C2H8NSnCl3,4.1,3.29,3.3303448424085165
1183,C2H8NSnCl3,4.08,3.29,3.310344842408517
1185,C2H8NSnCl3,4.09,3.28,3.315644669162145
1187,C2H8NSnCl3,4.14,3.3,3.375002351580718
1189,C2H8NSnCl3,4.18,3.33,3.428724004068395
1191,C2H7N2SnCl3,3.29,3.56,2.6326631429675884
1193,C2H7N2SnCl3,3.37,3.53,2.701442801781093
1195,C2H7N2SnCl3,3.04,3.56,2.3826631429675884
1197,C2H7N2SnCl3,4.21,3.39,3.485082500910541
1199,C2H7N2SnCl3,4.21,3.39,3.485082500910541
1201,C2H7N2SnCl3,4.15,3.33,3.3987240040683955
1203,CH6NSnCl3,2.16,4.06,1.6545992142926318
1205,CH6NSnCl3,2.27,4.02,1.7544914487707002
1207,CH6NSnCl3,3.84,3.44,3.1360025358905173
1209,CH6NSnCl3,4.11,3.36,3.3720797555904576
1211,CH6NSnCl3,3.74,3.58,3.08998717336491
1213,CH6NSnCl3,3.41,3.55,2.7489546208065088
1215,CH6N3SnCl3,3.35,3.72,2.747992225164327
1217,CH6N3SnCl3,4.01,3.51,3.3338022101049525
1219,H4NOSn3Cl,3.79,3.82,3.2190984079873104
1221,H4NOSn3Cl,3.34,3.83,2.7720757254268573
1223,H4NOSn3Cl,3.97,3.73,3.3712158219144843
1225,H4NOSn3Cl,3.9,3.75,3.3075858210641083
1227,H4NOSn3Cl,4.07,3.62,3.434272733487533
1229,H4NOSn3Cl,3.98,3.73,3.381215821914484
1231,CH5N2SnCl3,2.86,3.88,2.3066186369907817
1233,CH5N2SnCl3,3.07,3.91,2.525077845429715
1235,CH5N2SnCl3,3.73,3.38,3.000786702909039
1237,C4H12NSnCl3,3.8,3.11,2.9386747044296504
1239,C4H12NSnCl3,3.97,3.06,3.0802968525688867
1241,C4H12NSnCl3,4.3,2.89,3.302547336444011
1243,H5N2SnCl3,2.48,4.03,1.9670466297258173
1245,H5N2SnCl3,3.33,3.81,2.756097616351088
1247,H5N2SnCl3,3.83,3.7,3.2214664432954
1249,H5N2SnCl3,3.91,3.73,3.3112158219144843
1251,H5N2SnCl3,4.08,3.62,3.4442727334875327
1253,H5N2SnCl3,4.07,3.62,3.434272733487533
1255,H5N2SnCl3,3.66,3.7,3.0514664432954
1257,H5N2SnCl3,3.98,3.62,3.344272733487533
1259,H5N2SnCl3,3.78,3.74,3.1844135955213204
1261,H5N2SnCl3,3.22,3.89,2.669460128383637
1263,H5N2SnCl3,4.02,3.75,3.427585821064108
1265,H4NSnCl3,4.03,3.71,3.4247425264793216
1267,H4NSnCl3,2.58,3.76,1.9907327699690205
1269,H4NSnCl3,4.04,3.71,3.4347425264793214
1271,H4NSnCl3,4.04,3.71,3.4347425264793214
1273,C3H10NSnCl3,3.33,3.28,2.5556446691621453
1275,C3H10NSnCl3,3.12,3.29,2.350344842408517
1277,C3H10NSnCl3,3.72,3.26,2.9361142316905067
1279,C3H10NSnCl3,4.13,3.12,3.2741871721640807
1281,C3H10NSnCl3,4.13,3.13,3.279646889190869
1283,C3H10NSnCl3,3.83,3.15,2.990410744138476
1285,C3H10NSnCl3,3.95,3.23,3.1514852638014386
1287,C3H10NSnCl3,4.19,2.9,3.199414460013559
1289,C3H10NSnCl3,4.21,3.04,3.3085517235883426
1291,C3H10NSnCl3,4.44,3.05,3.544453169439831
1293,C3H8NSnCl3,2.8,3.61,2.1607458206055834
1295,C3H8NSnCl3,2.68,3.64,2.0512395550593245
1297,C3H8NSnCl3,3.31,3.55,2.6489546208065087
1299,C3H8NSnCl3,3,3.62,2.3642727334875326
1301,C3H8NSnCl3,3.81,3.21,3.0015039264675254
1303,C3H8NSnCl3,3.38,3.32,2.624191429154633
1305,C3H8NSnCl3,3.55,3.3,2.7850023515807183
1307,C3H8NSnCl3,4.27,3.38,3.5407867029090383
1309,C3H8NSnCl3,4.29,3.3,3.5250023515807185
1311,C3H8NSnCl3,4.26,3.31,3.499617711477079
1313,C3H8NSnCl3,4.26,3.31,3.499617711477079
1315,C3H8NSnCl3,4.24,3.3,3.4750023515807187
1317,C3H8NSnCl3,4.3,3.29,3.5303448424085166
1319,C3H8NSnCl3,4.24,3.31,3.479617711477079
1321,C3H8NSnCl3,3.97,3.46,3.274117712646098
1323,C3H8NSnCl3,3.93,3.01,3.0104931081019
1325,C3H8NSnCl3,4.13,2.97,3.185558458741628
1327,C3H5N2SnCl3,3.16,3.51,2.483802210104953
1329,C3H5N2SnCl3,3.67,3.53,3.001442801781093
1331,C3H5N2SnCl3,3.45,3.48,2.7620933750094157
1333,C3H5N2SnCl3,3.41,3.49,2.7260298855275433
1335,C3H5N2SnCl3,4.11,3.5,3.4299327027521658
1337,C3H5N2SnCl3,4.1,3.5,3.419932702752165
1339,C3H5N2SnCl3,4.19,3.48,3.502093375009416
1341,C3H5N2SnCl3,4.12,3.5,3.4399327027521656
1343,C2H8NSnBr3,2.31,4.29,1.8573386695743896
1345,C2H8NSnBr3,2.23,4.31,1.781529955626532
1347,C2H8NSnBr3,3.56,3.74,2.9644135955213207
1349,C2H8NSnBr3,3.6,3.76,3.0107327699690205
1351,C2H8NSnBr3,3.37,3.83,2.8020757254268576
1353,C2H8NSnBr3,3.63,3.76,3.0407327699690203
1355,C2H8NSnBr3,3.5,3.62,2.8642727334875326
1357,C2H8NSnBr3,3.45,3.87,2.893755090086335
1359,C2H8NSnBr3,3.61,3.78,3.0269519056517193
1361,C2H8NSnBr3,3.4,3.94,2.8633445598130605
1363,C2H8NSnBr3,2.06,4.06,1.5545992142926317
1365,C2H8NSnBr3,3.33,3.67,2.7114770032232793
1367,C3H10NSnBr3,3.29,3.48,2.6020933750094155
1369,C3H10NSnBr3,3.22,3.51,2.5438022101049524
1371,C3H10NSnBr3,2.94,3.63,2.3077705384964617
1373,C3H10NSnBr3,2.83,3.93,2.2906100142256687
1375,C3H10NSnBr3,2.82,3.78,2.2369519056517193
1377,C3H10NSnBr3,2.8,3.96,2.2687516330421653
1379,C3H10NSnBr3,3.64,3.4,2.919340450580798
1381,C3H10NSnBr3,3.79,3.35,3.0476676862298087
1383,C3H10NSnBr3,3.69,3.41,2.9735609952368853
1385,C3H10NSnBr3,3.74,3.4,3.019340450580798
1387,C3H10NSnBr3,3.64,3.44,2.9360025358905175
1389,C3H10NSnBr3,3.88,3.31,3.119617711477079
1391,C3H10NSnBr3,2.84,3.8,2.263073103096539
1393,C4H12NSnBr3,3.17,3.42,2.457744571724122
1395,C4H12NSnBr3,3.36,3.47,2.6681227822433558
1397,C4H12NSnBr3,3.69,3.12,2.8341871721640803
1399,C3H10NSnBr3,3.19,3.74,2.5944135955213206
1401,C3H10NSnBr3,2.79,3.85,2.227960911365426
1403,C3H10NSnBr3,2.86,3.79,2.280024617533575
1405,C3H10NSnBr3,3.11,3.81,2.5360976163510878
1407,C3H10NSnBr3,3.58,3.41,2.8635609952368855
1409,C3H10NSnBr3,3.56,3.4,2.839340450580798
1411,C3H10NSnBr3,3.73,3.24,2.936406760470396
1413,C3H10NSnBr3,3.46,3.48,2.7720933750094154
1415,C3H10NSnBr3,3.64,3.41,2.9235609952368855
1417,C3H10NSnBr3,3.68,3.42,2.9677445717241224
1419,C3H10NSnBr3,3.86,3.55,3.1989546208065085
1421,C2H8NSnBr3,2.43,4.1,1.9344125882637733
1423,C2H8NSnBr3,2.48,4.14,1.9939428929913197
1425,C2H8NSnBr3,2.44,4.1,1.944412588263773
1427,C2H8NSnBr3,2.49,4.19,2.0154740864266
1429,C2H8NSnBr3,3.48,3.78,2.8969519056517194
1431,C2H8NSnBr3,3.49,3.84,2.925029812873944
1433,C2H8NSnBr3,3.58,3.86,3.02086925881997
1435,C2H7N2SnBr3,2.48,4.11,1.9868212719977993
1437,C2H7N2SnBr3,2.62,4.05,2.112100326701053
1439,C2H7N2SnBr3,2.4,4.2,1.9277310435778925
1441,C2H7N2SnBr3,3.63,3.84,3.0650298128739437
1443,C2H7N2SnBr3,3.64,3.84,3.075029812873944
1445,C2H7N2SnBr3,3.65,3.76,3.0607327699690203
1447,C2H7N2SnBr3,3.64,3.66,3.0180924787776604
1449,CH6NSnBr3,1.8,4.82,1.4414135263129952
1451,CH6NSnBr3,1.84,4.81,1.479920972364142
1453,CH6NSnBr3,3.29,4.01,2.771917127922962
1455,CH6NSnBr3,3.63,3.85,3.067960911365426
1457,CH6NSnBr3,3.07,4.21,2.599971937007466
1459,CH6NSnBr3,2.85,4.38,2.4157500682176156
1461,CH6N3SnBr3,2.41,4.56,2.009356321594819
1463,CH6N3SnBr3,2.12,4.59,1.7245763789195052
1465,CH6N3SnBr3,3.34,4.01,2.821917127922962
1467,H4NOSn3Br,3.48,4.37,3.043760380413262
1469,H4NOSn3Br,2.7,4.68,2.319638743184036
1471,H4NOSn3Br,2.86,4.58,2.4628477531279924
1473,H4NOSn3Br,3.2,4.51,2.7904236266642757
1475,H4NOSn3Br,3.34,4.33,2.8956632980448997
1477,H4NOSn3Br,3.52,4.18,3.0432009116500325
1479,H4NOSn3Br,3.35,4.38,2.9157500682176156
1481,CH5N2SnBr3,1.99,4.79,1.6269077718766056
1483,CH5N2SnBr3,2.06,4.84,1.7043709279042598
1485,CH5N2SnBr3,3.47,3.82,2.8990984079873106
1487,C4H12NSnBr3,2.99,3.64,2.361239555059325
1489,C4H12NSnBr3,3.13,3.58,2.4799871733649095
1491,C4H12NSnBr3,3.75,3.2,2.936442930538479
1493,H5N2SnBr3,1.91,4.83,1.5528968193405615
1495,H5N2SnBr3,2.81,4.43,2.3854972310031655
1497,H5N2SnBr3,2.18,4.96,1.8413706266549341
1499,H5N2SnBr3,3.2,4.38,2.7657500682176157
1501,H5N2SnBr3,3.66,4.12,3.169212438066384
1503,H5N2SnBr3,3.55,4.15,3.066282514658965
1505,H5N2SnBr3,2.79,4.47,2.373060603311864
1507,H5N2SnBr3,3.49,4.2,3.017731043577893
1509,H5N2SnBr3,3.38,4.3,2.929441622969931
1511,H5N2SnBr3,2.57,4.66,2.1863668334613835
1513,H5N2SnBr3,3.29,4.38,2.8557500682176156
1515,H5N2SnBr3,2.59,4.59,2.1945763789195047
1517,H4NSnBr3,3.64,4.13,3.151586255926577
1519,H4NSnBr3,2.38,4.27,1.9230883517550155
1521,H4NSnBr3,3.59,4.15,3.106282514658965
1523,C3H10NSnBr3,2.49,3.84,1.925029812873944
1525,C3H10NSnBr3,2.96,3.83,2.3920757254268574
1527,C3H10NSnBr3,3.07,3.77,2.4838547100671944
1529,C3H10NSnBr3,3.42,3.57,2.766340544744488
1531,C3H10NSnBr3,3.02,3.67,2.4014770032232793
1533,C3H10NSnBr3,2.58,3.82,2.0090984079873104
1535,C3H10NSnBr3,3.55,3.28,2.775644669162145
1537,C3H10NSnBr3,3.49,3.53,2.8214428017810933
1539,C3H10NSnBr3,3.58,3.48,2.8920933750094155
1541,C3H10NSnBr3,3.29,3.69,2.678163689214535
1543,C3H10NSnBr3,3.85,3.46,3.154117712646098
1545,C3H8NSnBr3,2.13,4.35,1.6897397600060258
1547,C3H8NSnBr3,2.09,4.41,1.6616381347645284
1549,C3H8NSnBr3,2.44,4.38,2.0057500682176155
1551,C3H8NSnBr3,2.2,4.38,1.7657500682176157
1553,C3H8NSnBr3,2.93,3.93,2.3906100142256683
1555,C3H8NSnBr3,2.99,3.98,2.464077397585543
1557,C3H8NSnBr3,3.59,3.92,3.0478545143113562
1559,C3H8NSnBr3,3.78,3.69,3.1681636892145346
1561,C3H8NSnBr3,3.74,3.69,3.128163689214535
1563,C3H8NSnBr3,3.75,3.69,3.138163689214535
1565,C3H8NSnBr3,3.7,3.7,3.0914664432954
1567,C3H8NSnBr3,3.54,3.71,2.9347425264793214
1569,C3H8NSnBr3,3.59,3.91,3.0450778454297147
1571,C3H8NSnBr3,3.34,3.97,2.8114245765606043
1573,C3H8NSnBr3,3.38,3.51,2.7038022101049526
1575,C3H8NSnBr3,3.49,3.47,2.7981227822433565
1577,C3H5N2SnBr3,2.42,4.13,1.9315862559265766
1579,C3H5N2SnBr3,2.96,4.14,2.4739428929913196
1581,C3H5N2SnBr3,2.7,4.11,2.2068212719977995
1583,C3H5N2SnBr3,3.51,3.93,2.9706100142256684
1585,C3H5N2SnBr3,3.57,3.93,3.030610014225668
1587,C3H5N2SnBr3,3.41,3.74,2.814413595521321
1589,C3H5N2SnBr3,3.56,3.91,3.0150778454297154
1591,C2H8NSnI3,1.88,5.26,1.5788960230997275
1593,C2H8NSnI3,1.84,5.24,1.5365931330019387
1595,C2H8NSnI3,2.82,4.44,2.397407252288472
1597,C2H8NSnI3,2.91,4.5,2.4986012646278533
1599,C2H8NSnI3,2.72,4.6,2.326293743322969
1601,C2H8NSnI3,2.87,4.49,2.456766712898945
1603,C2H8NSnI3,2.91,4.41,2.4816381347645287
1605,C2H8NSnI3,2.66,4.73,2.2876377049338275
1607,C2H8NSnI3,2.99,4.57,2.59110776727272
1609,C2H8NSnI3,2.75,4.84,2.3943709279042595
1611,C2H8NSnI3,1.93,4.9,1.583026889159268
1613,C2H8NSnI3,2.8,4.36,2.3617569864023453
1615,C3H10NSnI3,2.45,4.3,1.9994416229699312
1617,C3H10NSnI3,2.49,4.25,2.028777888371711
1619,C3H10NSnI3,2.3,4.38,1.8657500682176154
1621,C3H10NSnI3,2.01,4.88,1.6601770193124337
1623,C3H10NSnI3,2.11,4.63,1.7213792390090927
1625,C3H10NSnI3,2.02,4.94,1.6786231379269463
1627,C3H10NSnI3,3.07,4.09,2.5719862153331237
1629,C3H10NSnI3,3.11,3.99,2.586710297593233
1631,C3H10NSnI3,3,4.25,2.538777888371711
1633,C3H10NSnI3,3.09,4.04,2.5795828600574713
1635,C3H10NSnI3,3.27,3.81,2.696097616351088
1637,C3H10NSnI3,2.27,4.5,1.8586012646278531
1639,C4H12NSnI3,2.47,4.12,1.979212438066384
1641,C4H12NSnI3,2.72,4.16,2.2386052843422957
1643,C4H12NSnI3,3.12,3.59,2.4736033712272585
1645,C3H10NSnI3,2.45,4.63,2.061379239009093
1647,C3H10NSnI3,2.2,4.64,1.8130525234427963
1649,C3H10NSnI3,2.28,4.73,1.9076377049338271
1651,C3H10NSnI3,2.07,4.8,1.7084190802393238
1653,C3H10NSnI3,2.98,4.06,2.4745992142926316
1655,C3H10NSnI3,3.02,4.07,2.5170797052028098
1657,C3H10NSnI3,3.02,4.06,2.5145992142926317
1659,C3H10NSnI3,3.19,4.02,2.6744914487707003
1661,C3H10NSnI3,3.32,4.15,2.836282514658965
1663,C2H8NSnI3,2.03,4.93,1.6872368373749334
1665,C2H8NSnI3,2.04,4.95,1.700001045146986
1667,C2H8NSnI3,2.03,4.92,1.6858420751831755
1669,C2H8NSnI3,1.84,5.29,1.54230150723854
1671,C2H8NSnI3,2.91,4.5,2.4986012646278533
1673,C2H8NSnI3,2.91,4.53,2.5040322114875093
1675,C2H8NSnI3,3.03,4.26,2.5709407088934086
1677,C2H8NSnI3,2.93,4.69,2.551259023586637
1679,C2H7N2SnI3,1.9,5.07,1.5759052012929062
1681,C2H7N2SnI3,1.93,4.99,1.5954300829600694
1683,C2H7N2SnI3,1.8,5.23,1.495431768065325
1685,C2H7N2SnI3,2.93,4.52,2.522233906762179
1687,C2H7N2SnI3,3.12,4.46,2.7011888238610284
1689,C2H7N2SnI3,3.12,4.23,2.6544061392347817
1691,CH6NSnI3,1.56,5.81,1.313205364621921
1693,CH6NSnI3,1.55,5.84,1.305734413372409
1695,CH6NSnI3,2.63,4.86,2.2772918935423982
1697,CH6NSnI3,3.09,4.58,2.6928477531279924
1699,CH6NSnI3,2.38,5.12,2.0622042697415934
1701,CH6NSnI3,2.25,5.48,1.9725869654987622
1703,CH6N3SnI3,1.79,5.56,1.5205126419670962
1705,CH6N3SnI3,1.64,5.7,1.383588045820684
1707,CH6N3SnI3,2.63,4.78,2.2653869683966503
1709,H4NOSn3I,1.97,5.62,1.7062361041752898
1711,H4NOSn3I,2.08,5.88,1.8390464508050473
1713,H4NOSn3I,2.13,5.86,1.887398909967327
1715,H4NOSn3I,2.11,5.79,1.8614974483644309
1717,H4NOSn3I,2.87,5.18,2.5595236955588776
1719,H4NOSn3I,2.9,5.05,2.573333030436782
1721,H4NOSn3I,2.4,5.68,2.1417791487525424
1723,CH5N2SnI3,1.67,5.66,1.4099510422378236
1725,CH5N2SnI3,1.56,5.75,1.3080279957267003
1727,CH5N2SnI3,3.18,4.41,2.7516381347645287
1729,C4H12NSnI3,2.15,4.59,1.754576378919505
1731,C4H12NSnI3,3.14,3.8,2.5630731030965395
1733,H5N2SnI3,1.52,5.89,1.2798639346915877
1735,H5N2SnI3,1.58,6.16,1.3604534810021196
1737,H5N2SnI3,2.56,5.19,2.250718983398266
1739,H5N2SnI3,3.01,5.04,2.682035446929092
1741,H5N2SnI3,2.96,4.99,2.6254300829600696
1743,H5N2SnI3,2.08,5.69,1.822685981594881
1745,H5N2SnI3,2.96,5.08,2.637179909197487
1747,H5N2SnI3,2.95,5.13,2.633442031877388
1749,H5N2SnI3,2.01,5.82,1.7640527275514584
1751,H5N2SnI3,2.12,5.5,1.8446008465690589
1753,H5N2SnI3,2.15,5.65,1.8890297003277947
1755,H4NSnI3,3.16,4.78,2.7953869683966506
1757,H4NSnI3,2.31,4.87,1.9587388996333428
1759,H4NSnI3,3.15,4.78,2.7853869683966503
1761,H4NSnI3,3.09,4.8,2.728419080239324
1763,C3H10NSnI3,2.01,4.7,1.632868972780173
1765,C3H10NSnI3,1.97,4.73,1.5976377049338275
1767,C3H10NSnI3,2.15,4.75,1.780766785981785
1769,C3H10NSnI3,2.24,4.74,1.8692071965280683
1771,C3H10NSnI3,2.59,4.34,2.147708573590118
1773,C3H10NSnI3,1.94,4.92,1.5958420751831757
1775,C3H10NSnI3,2.88,4.0,2.3593234755446266
1777,C3H10NSnI3,2.83,4.33,2.3856632980449
1779,C3H10NSnI3,2.98,4.22,2.5121969187975353
1781,C3H10NSnI3,2.86,4.34,2.417708573590118
1783,C3H10NSnI3,3.06,4.17,2.58091136349706
1785,C3H8NSnI3,1.67,5.41,1.385361626095101
1787,C3H8NSnI3,1.74,5.38,1.452178369864776
1789,C3H8NSnI3,1.83,5.33,1.5367530108069665
1791,C3H8NSnI3,1.58,5.5,1.3046008465690588
1793,C3H8NSnI3,2.61,4.59,2.2145763789195048
1795,C3H8NSnI3,2.45,4.76,2.0823165564187747
1797,C3H8NSnI3,2.58,4.78,2.2153869683966505
1799,C3H8NSnI3,2.89,4.69,2.511259023586637
1801,C3H8NSnI3,3.18,4.3,2.729441622969931
1803,C3H8NSnI3,3.17,4.3,2.719441622969931
1805,C3H8NSnI3,3.14,4.31,2.691529955626532
1807,C3H8NSnI3,3.06,4.35,2.6197397600060257
1809,C3H8NSnI3,2.9,4.68,2.5196387431840357
1811,C3H8NSnI3,2.75,4.69,2.371259023586637
1813,C3H8NSnI3,3,4.24,2.5365997468357304
1815,C3H8NSnI3,3,4.23,2.5344061392347816
1817,C3H5N2SnI3,1.97,5.14,1.654672576750368
1819,C3H5N2SnI3,1.92,5.13,1.6034420318773877
1821,C3H5N2SnI3,1.97,5.09,1.6484471114714712
1823,C3H5N2SnI3,2.02,5.07,1.6959052012929063
1825,C3H5N2SnI3,2.89,4.57,2.49110776727272
1827,C3H5N2SnI3,2.67,4.65,2.2847150241051692
1829,C3H5N2SnI3,2.95,4.62,2.5596950773371017
1831,C3H5N2SnI3,2.71,4.46,2.2911888238610283
1833,C3H5N2SnI3,2.94,4.6,2.546293743322969
1835,C2H8NPbF3,4.9,3.01,3.9804931081019004
1837,C2H8NPbF3,5.37,3.03,4.462591751213282
1839,C2H8NPbF3,5.59,2.9,4.599414460013558
1841,C2H8NPbF3,6.11,2.9,5.119414460013559
1843,C2H8NPbF3,5.76,2.84,4.72711659501017
1845,C2H8NPbF3,5.61,2.95,4.652709061616091
1847,C2H8NPbF3,6.18,2.94,5.216185803220188
1849,C2H8NPbF3,5.15,2.99,4.218150871770342
1851,C2H8NPbF3,5.59,2.94,4.626185803220189
1853,C2H8NPbF3,4.15,2.99,3.2181508717703418
1855,C2H8NPbF3,4.46,2.98,3.5218863574516943
1857,C2H8NPbF3,5.12,2.9,4.1294144600135585
1859,C3H10NPbF3,5.44,2.76,4.34637150923047
1861,C3H10NPbF3,5.22,2.85,4.194352183282736
1863,C3H10NPbF3,5.52,2.87,4.508597118905659
1865,C3H10NPbF3,5.8,2.91,4.816210910205834
1867,C3H10NPbF3,5.68,2.94,4.716185803220188
1869,C3H10NPbF3,5.27,2.98,4.331886357451694
1871,C3H10NPbF3,6.24,2.91,5.2562109102058345
1873,C3H10NPbF3,5.92,2.9,4.929414460013558
1875,C3H10NPbF3,5.61,2.96,4.6591663176490625
1877,C3H10NPbF3,5.75,2.94,4.786185803220189
1879,C3H10NPbF3,5.76,2.94,4.7961858032201885
1881,C4H12NPbF3,5.71,2.8,4.647394848050258
1883,C4H12NPbF3,5.92,2.74,4.810347861995049
1885,C3H10NPbF3,6.17,2.87,5.158597118905659
1887,C3H10NPbF3,5.47,2.94,4.5061858032201885
1889,C3H10NPbF3,5.57,2.98,4.631886357451695
1891,C3H10NPbF3,5.73,2.88,4.725608556220345
1893,C3H10NPbF3,5.71,2.9,4.719414460013558
1895,C3H10NPbF3,5.99,2.99,5.058150871770342
1897,C3H10NPbF3,5.73,2.81,4.67494441670116
1899,C3H10NPbF3,5.83,2.79,4.759763955847693
1901,C3H10NPbF3,5.47,2.78,4.3920505678683845
1903,C3H10NPbF3,6.01,2.84,4.97711659501017
1905,C3H10NPbF3,6.08,2.98,5.141886357451694
1907,C3H10NPbF3,6.06,2.87,5.0485971189056595
1909,C2H8NPbF3,5.51,2.95,4.55270906161609
1911,C2H8NPbF3,5.16,3.02,4.246572475846896
1913,C2H8NPbF3,5.31,3.0,4.3843528454126695
1915,C2H8NPbF3,5.8,2.92,4.822937653489635
1917,C2H8NPbF3,5.86,2.95,4.902709061616091
1919,C2H7N2PbF3,5.22,3.13,4.369646889190869
1921,C2H7N2PbF3,5.23,3.13,4.3796468891908695
1923,C2H7N2PbF3,5.08,3.15,4.240410744138476
1925,C2H7N2PbF3,5.61,3.01,4.690493108101901
1927,C2H7N2PbF3,5.8,2.98,4.861886357451694
1929,CH6NPbF3,5.47,3.01,4.5504931081019
1931,CH6NPbF3,5.44,2.99,4.508150871770342
1933,CH6NPbF3,5.22,3.05,4.32445316943983
1935,CH6NPbF3,5.52,2.96,4.569166317649062
1937,CH6NPbF3,5.72,2.99,4.788150871770341
1939,CH6NPbF3,4.88,2.87,3.8685971189056594
1941,CH6N3PbF3,5.71,3.15,4.870410744138476
1943,CH6N3PbF3,5.51,3.15,4.670410744138476
1945,H4NOPb3F,5.91,3.12,5.054187172164081
1947,H4NOPb3F,5.33,2.96,4.379166317649062
1949,H4NOPb3F,5.64,3.06,4.750296852568886
1951,H4NOPb3F,5.67,2.99,4.738150871770341
1953,H4NOPb3F,5.9,2.92,4.922937653489635
1955,H4NOPb3F,6.35,3.16,5.515716192188154
1957,H4NOPb3F,5.79,3.11,4.928674704429651
1959,CH5N2PbF3,5.45,3.17,4.620971510186591
1961,CH5N2PbF3,4.8,3.15,3.9604107441384757
1963,C4H12NPbF3,6.32,2.77,5.234253490689834
1965,H5N2PbF3,5.51,3.07,4.626083524357184
1967,H5N2PbF3,6.04,3.08,5.161813924008478
1969,H5N2PbF3,5.85,3.06,4.960296852568886
1971,H5N2PbF3,5.42,3.11,4.5586747044296505
1973,H5N2PbF3,5.71,3.11,4.8486747044296505
1975,H5N2PbF3,4.91,3.27,4.130901309159725
1977,H5N2PbF3,5.56,3.01,4.6404931081019
1979,H5N2PbF3,5.73,3.07,4.8460835243571845
1981,H4NPbF3,5.76,3.02,4.846572475846895
1983,H4NPbF3,5.86,3.07,4.976083524357184
1985,C3H10NPbF3,5.92,2.88,4.915608556220344
1987,C3H10NPbF3,6.14,2.9,5.149414460013558
1989,C3H10NPbF3,6.11,2.85,5.0843521832827365
1991,C3H10NPbF3,6.07,2.86,5.051512006542377
1993,C3H10NPbF3,5.42,2.81,4.364944416701159
1995,C3H10NPbF3,5.9,2.81,4.84494441670116
1997,C3H10NPbF3,5.84,2.8,4.777394848050259
1999,C3H10NPbF3,5.8,2.85,4.774352183282736
2001,C3H10NPbF3,4.82,2.91,3.8362109102058346
2003,C3H8NPbF3,5.6,3.03,4.692591751213282
2005,C3H8NPbF3,5.18,3.03,4.272591751213282
2007,C3H8NPbF3,4.97,2.91,3.986210910205834
2009,C3H8NPbF3,4.77,2.9,3.779414460013558
2011,C3H8NPbF3,5.48,2.96,4.529166317649063
2013,C3H8NPbF3,5.71,2.98,4.771886357451694
2015,C3H8NPbF3,5.42,2.99,4.488150871770341
2017,C3H8NPbF3,5.27,2.94,4.306185803220188
2019,C3H8NPbF3,5.49,2.89,4.492547336444011
2021,C3H5N2PbF3,5.1,3.19,4.281334264474014
2023,C3H5N2PbF3,5.28,3.18,4.456177327707965
2025,C3H5N2PbF3,4.47,3.18,3.646177327707965
2027,C3H5N2PbF3,4.45,3.18,3.6261773277079654
2029,C3H5N2PbF3,4.83,3.11,3.9686747044296506
2031,C3H5N2PbF3,4.97,3.1,4.103108804236631
2033,C2H8NPbCl3,3.56,3.56,2.9026631429675884
2035,C2H8NPbCl3,4.65,3.27,3.8709013091597253
2037,C2H8NPbCl3,4.68,3.27,3.9009013091597247
2039,C2H8NPbCl3,4.38,3.35,3.6376676862298085
2041,C2H8NPbCl3,4.61,3.05,3.714453169439831
2043,C2H8NPbCl3,4.19,3.41,3.4735609952368858
2045,C2H8NPbCl3,4.33,3.38,3.600786702909039
2047,C2H8NPbCl3,4.47,3.37,3.7364526066720694
2049,C2H8NPbCl3,2.87,3.31,2.109617711477079
2051,C2H8NPbCl3,4.06,3.32,3.3041914291546326
2053,C3H10NPbCl3,4.25,3.13,3.399646889190869
2055,C3H10NPbCl3,4.01,3.12,3.1541871721640806
2057,C3H10NPbCl3,3.95,3.14,3.105054526422373
2059,C3H10NPbCl3,3.84,3.44,3.1360025358905173
2061,C3H10NPbCl3,3.76,3.41,3.043560995236885
2063,C3H10NPbCl3,4.62,3.01,3.7004931081019
2065,C3H10NPbCl3,4.81,3.23,4.011485263801438
2067,C3H10NPbCl3,4.71,3.07,3.826083524357184
2069,C3H10NPbCl3,4.64,3.19,3.821334264474015
2071,C3H10NPbCl3,3.99,3.25,3.2012828978664167
2073,C4H12NPbCl3,4.03,3.15,3.190410744138476
2075,C4H12NPbCl3,4.05,3.13,3.199646889190869
2077,C4H12NPbCl3,4.5,3.2,3.686442930538479
2079,C4H12NPbCl3,4.07,3.12,3.214187172164081
2081,C3H10NPbCl3,4.28,3.33,3.5287240040683954
2083,C3H10NPbCl3,3.82,3.42,3.107744571724122
2085,C3H10NPbCl3,3.87,3.41,3.1535609952368855
2087,C3H10NPbCl3,4.18,3.37,3.4464526066720693
2089,C3H10NPbCl3,4.16,3.38,3.430786702909039
2091,C3H10NPbCl3,4.48,3.07,3.5960835243571845
2093,C3H10NPbCl3,4.38,3.1,3.513108804236631
2095,C3H10NPbCl3,4.51,3.07,3.626083524357184
2097,C3H10NPbCl3,4.41,3.09,3.5374887787846827
2099,C3H10NPbCl3,4.75,3.02,3.8365724758468955
2101,C3H10NPbCl3,4.61,3.27,3.8309013091597253
2103,C2H8NPbCl3,3.64,3.58,2.9899871733649097
2105,C2H8NPbCl3,3.42,3.62,2.7842727334875326
2107,C2H8NPbCl3,3.31,3.66,2.6880924787776603
2109,C2H8NPbCl3,3.52,3.58,2.8699871733649096
2111,C2H8NPbCl3,4.54,3.32,3.784191429154633
2113,C2H8NPbCl3,4.56,3.36,3.822079755590457
2115,C2H8NPbCl3,4.57,3.43,3.861891610529119
2117,C2H7N2PbCl3,3.31,3.65,2.6846800982333665
2119,C2H7N2PbCl3,3.73,3.6,3.0871894759810203
2121,C2H7N2PbCl3,3.77,3.65,3.1446800982333665
2123,C2H7N2PbCl3,4.64,3.43,3.931891610529118
2125,C2H7N2PbCl3,4.57,3.37,3.83645260667207
2127,C2H7N2PbCl3,4.52,3.28,3.745644669162145
2129,CH6NPbCl3,3.5,3.52,2.827638785568991
2131,CH6NPbCl3,3.42,3.54,2.755214626122285
2133,CH6NPbCl3,4.41,3.37,3.6764526066720697
2135,CH6NPbCl3,4.41,3.45,3.710077765907501
2137,CH6NPbCl3,4.09,3.46,3.3941177126460977
2139,CH6N3PbCl3,3.41,3.73,2.8112158219144843
2141,CH6N3PbCl3,3.42,3.74,2.824413595521321
2143,CH6N3PbCl3,4.46,3.48,3.7720933750094154
2145,H4NOPb3Cl,4.49,3.67,3.8714770032232795
2147,H4NOPb3Cl,4.1,3.6,3.4571894759810204
2149,H4NOPb3Cl,4.16,3.61,3.5207458206055837
2151,H4NOPb3Cl,4.52,3.66,3.89809247877766
2153,H4NOPb3Cl,4.52,3.64,3.8912395550593244
2155,H4NOPb3Cl,4.6,3.58,3.9499871733649092
2157,CH5N2PbCl3,3.29,3.7,2.6814664432954
2159,CH5N2PbCl3,3.57,3.69,2.9581636892145347
2161,CH5N2PbCl3,4.29,3.49,3.606029885527543
2163,C4H12NPbCl3,3.9,3.33,3.148724004068395
2165,C4H12NPbCl3,4.13,3.24,3.3364067604703957
2167,C4H12NPbCl3,4.53,2.98,3.5918863574516946
2169,H5N2PbCl3,3.85,3.55,3.1889546208065087
2171,H5N2PbCl3,4.36,3.68,3.7448339739421397
2173,H5N2PbCl3,4.46,3.72,3.8579922251643275
2175,H5N2PbCl3,4.67,3.59,4.023603371227258
2177,H5N2PbCl3,4.03,3.62,3.394272733487533
2179,H5N2PbCl3,4.58,3.55,3.9189546208065087
2181,H5N2PbCl3,4.11,3.6,3.467189475981021
2183,H5N2PbCl3,4.57,3.7,3.9614664432954
2185,H5N2PbCl3,4.03,3.62,3.394272733487533
2187,H4NPbCl3,3.74,3.38,3.010786702909039
2189,H4NPbCl3,4.75,3.7,4.1414664432954
2191,C3H10NPbCl3,3.64,3.43,2.9318916105291186
2193,C3H10NPbCl3,3.51,3.42,2.797744571724122
2195,C3H10NPbCl3,4.07,3.44,3.3660025358905177
2197,C3H10NPbCl3,4.3,3.27,3.5209013091597248
2199,C3H10NPbCl3,4.13,3.45,3.430077765907501
2201,C3H10NPbCl3,3.59,3.42,2.877744571724122
2203,C3H10NPbCl3,4.34,3.04,3.4385517235883425
2205,C3H10NPbCl3,4.14,3.29,3.3703448424085165
2207,C3H10NPbCl3,4.15,3.29,3.380344842408517
2209,C3H10NPbCl3,4.16,3.29,3.390344842408517
2211,C3H10NPbCl3,4.72,3.17,3.89097151018659
2213,C3H8NPbCl3,3.47,3.63,2.837770538496462
2215,C3H8NPbCl3,3.31,3.69,2.698163689214535
2217,C3H8NPbCl3,3.51,3.66,2.88809247877766
2219,C3H8NPbCl3,3.29,3.69,2.678163689214535
2221,C3H8NPbCl3,3.71,3.3,2.9450023515807184
2223,C3H8NPbCl3,3.83,3.36,3.0920797555904573
2225,C3H8NPbCl3,3.95,3.38,3.220786702909039
2227,C3H8NPbCl3,4.63,3.39,3.9050825009105408
2229,C3H8NPbCl3,4.68,3.31,3.9196177114770787
2231,C3H8NPbCl3,4.64,3.39,3.9150825009105406
2233,C3H8NPbCl3,4.46,3.47,3.7681227822433563
2235,C3H8NPbCl3,4.1,3.16,3.2657161921881532
2237,C3H8NPbCl3,3.98,3.2,3.166442930538479
2239,C3H5N2PbCl3,3.8,3.66,3.17809247877766
2241,C3H5N2PbCl3,3.62,3.7,3.0114664432954
2243,C3H5N2PbCl3,3.74,3.68,3.1248339739421396
2245,C3H5N2PbCl3,4.63,3.47,3.938122782243356
2247,C3H5N2PbCl3,4.65,3.48,3.962093375009416
2249,C3H5N2PbCl3,4.4,3.42,3.6877445717241226
2251,C3H5N2PbCl3,4.43,3.43,3.721891610529118
2253,C2H8NPbBr3,3.05,4.11,2.556821271997799
2255,C2H8NPbBr3,3.04,4.11,2.5468212719977994
2257,C2H8NPbBr3,3.89,3.75,3.2975858210641085
2259,C2H8NPbBr3,3.98,3.74,3.3844135955213206
2261,C2H8NPbBr3,3.75,3.84,3.185029812873944
2263,C2H8NPbBr3,3.91,3.62,3.274272733487533
2265,C2H8NPbBr3,3.86,3.87,3.3037550900863346
2267,C2H8NPbBr3,3.76,3.9,3.2122797901850113
2269,C2H8NPbBr3,2.6,3.76,2.0107327699690205
2271,C2H8NPbBr3,3.69,3.66,3.0680924787776602
2273,C3H10NPbBr3,3.56,3.57,2.906340544744488
2275,C3H10NPbBr3,3.44,3.55,2.7789546208065086
2277,C3H10NPbBr3,3.4,3.57,2.7463405447444877
2279,C3H10NPbBr3,3.14,3.97,2.611424576560604
2281,C3H10NPbBr3,3.15,3.9,2.6022797901850114
2283,C3H10NPbBr3,3.99,3.41,3.2735609952368856
2285,C3H10NPbBr3,4.07,3.26,3.2861142316905068
2287,C3H10NPbBr3,4.08,3.47,3.3881227822433564
2289,C3H10NPbBr3,4.02,3.59,3.373603371227258
2291,C3H10NPbBr3,4.02,3.3,3.255002351580718
2293,C3H10NPbBr3,3.33,3.68,2.7148339739421394
2295,C4H12NPbBr3,3.39,3.54,2.725214626122285
2297,C4H12NPbBr3,3.42,3.52,2.747638785568991
2299,C4H12NPbBr3,3.49,3.71,2.8847425264793216
2301,C4H12NPbBr3,3.48,3.49,2.796029885527543
2303,C3H10NPbBr3,3.53,3.9,2.9822797901850113
2305,C3H10NPbBr3,3.18,3.97,2.651424576560604
2307,C3H10NPbBr3,3.29,3.95,2.7560583630004185
2309,C3H10NPbBr3,3.46,3.96,2.9287516330421655
2311,C3H10NPbBr3,3.86,3.43,3.1518916105291184
2313,C3H10NPbBr3,3.92,3.41,3.2035609952368853
2315,C3H10NPbBr3,4.14,3.37,3.4064526066720693
2317,C3H10NPbBr3,4.14,3.63,3.5077705384964615
2319,C2H8NPbBr3,3.02,4.19,2.5454740864265997
2321,C2H8NPbBr3,2.92,4.2,2.4477310435778925
2323,C2H8NPbBr3,2.87,4.24,2.4065997468357305
2325,C2H8NPbBr3,2.98,4.16,2.4986052843422955
2327,C2H8NPbBr3,3.98,3.8,3.4030731030965393
2329,C2H8NPbBr3,3.99,3.53,3.3214428017810933
2331,C2H8NPbBr3,3.96,3.94,3.4233445598130605
2333,C2H7N2PbBr3,2.83,4.22,2.3621969187975353
2335,C2H7N2PbBr3,2.89,4.2,2.4177310435778927
2337,C2H7N2PbBr3,2.89,4.24,2.4265997468357305
2339,C2H7N2PbBr3,4.02,3.85,3.4579609113654257
2341,C2H7N2PbBr3,4.04,3.82,3.4690984079873104
2343,C2H7N2PbBr3,3.92,3.68,3.3048339739421393
2345,CH6NPbBr3,2.95,4.14,2.46394289299132
2347,CH6NPbBr3,2.9,4.16,2.4186052843422954
2349,CH6NPbBr3,3.62,3.94,3.0833445598130607
2351,CH6NPbBr3,3.74,3.98,3.214077397585543
2353,CH6NPbBr3,3.58,4.07,3.0770797052028103
2355,CH6N3PbBr3,2.86,4.35,2.4197397600060255
2357,CH6N3PbBr3,2.8,4.37,2.363760380413262
2359,CH6N3PbBr3,3.74,3.97,3.2114245765606046
2361,H4NOPb3Br,3.84,4.2,3.3677310435778924
2363,H4NOPb3Br,3.5,4.26,3.040940708893409
2365,H4NOPb3Br,3.55,4.25,3.0887778883717107
2367,H4NOPb3Br,3.51,4.26,3.0509407088934086
2369,H4NOPb3Br,3.95,4.21,3.479971937007466
2371,H4NOPb3Br,3.95,4.18,3.4732009116500326
2373,H4NOPb3Br,3.69,4.25,3.228777888371711
2375,CH5N2PbBr3,2.78,4.32,2.3336038027645976
2377,CH5N2PbBr3,2.9,4.31,2.451529955626532
2379,CH5N2PbBr3,3.86,3.95,3.326058363000418
2381,C4H12NPbBr3,3.19,3.94,2.6533445598130605
2383,C4H12NPbBr3,3.23,3.9,2.6822797901850115
2385,C4H12NPbBr3,3.85,3.35,3.1076676862298087
2387,H5N2PbBr3,3.19,4.15,2.706282514658965
2389,H5N2PbBr3,3.36,4.23,2.894406139234782
2391,H5N2PbBr3,3.78,4.32,3.3336038027645976
2393,H5N2PbBr3,3.73,4.35,3.2897397600060256
2395,H5N2PbBr3,4.03,4.15,3.5462825146589654
2397,H5N2PbBr3,3.43,4.25,2.968777888371711
2399,H5N2PbBr3,3.32,4.23,2.854406139234782
2401,H5N2PbBr3,3.33,4.24,2.8665997468357305
2403,H4NPbBr3,3.24,3.97,2.7114245765606046
2405,H4NPbBr3,4.02,4.11,3.526821271997799
2407,H4NPbBr3,4.08,4.09,3.5819862153331234
2409,C3H10NPbBr3,2.99,4.02,2.4744914487707
2411,C3H10NPbBr3,2.95,3.99,2.426710297593233
2413,C3H10NPbBr3,3.2,4.09,2.7019862153331236
2415,C3H10NPbBr3,3.32,4.1,2.824412588263773
2417,C3H10NPbBr3,3.56,3.79,2.980024617533575
2419,C3H10NPbBr3,2.96,4.01,2.441917127922962
2421,C3H10NPbBr3,3.73,3.43,3.0218916105291185
2423,C3H10NPbBr3,3.62,3.73,3.0212158219144842
2425,C3H10NPbBr3,4,3.57,3.3463405447444883
2427,C3H8NPbBr3,2.86,4.26,2.4009407088934087
2429,C3H8NPbBr3,2.76,4.32,2.3136038027645975
2431,C3H8NPbBr3,2.76,4.3,2.309441622969931
2433,C3H8NPbBr3,3.42,3.83,2.8520757254268574
2435,C3H8NPbBr3,3.47,3.86,2.9108692588199703
2437,C3H8NPbBr3,3.58,3.87,3.023755090086335
2439,C3H8NPbBr3,4.03,3.86,3.4708692588199703
2441,C3H8NPbBr3,4.1,3.69,3.4881636892145345
2443,C3H8NPbBr3,4.03,3.76,3.4407327699690207
2445,C3H8NPbBr3,3.92,3.71,3.3147425264793213
2447,C3H8NPbBr3,3.89,3.96,3.358751633042166
2449,C3H8NPbBr3,3.71,3.54,3.045214626122285
2451,C3H8NPbBr3,3.58,3.58,2.9299871733649097
2453,C3H5N2PbBr3,2.86,4.19,2.3854740864265995
2455,C3H5N2PbBr3,2.97,4.33,2.5256632980449
2457,C3H5N2PbBr3,2.94,4.33,2.4956632980449
2459,C3H5N2PbBr3,3.97,3.92,3.4278545143113566
2461,C3H5N2PbBr3,3.92,3.88,3.366618636990782
2463,C2H8NPbI3,2.65,4.9,2.303026889159268
2465,C2H8NPbI3,2.62,4.91,2.274438782347594
2467,C2H8NPbI3,2.97,4.48,2.5549198625196325
2469,C2H8NPbI3,3.1,4.45,2.6793044114992566
2471,C2H8NPbI3,2.96,4.6,2.566293743322969
2473,C2H8NPbI3,3.07,4.47,2.653060603311864
2475,C2H8NPbI3,3.3,4.29,2.8473386695743894
2477,C2H8NPbI3,3.19,4.5,2.778601264627853
2479,C2H8NPbI3,2.65,4.42,2.2235742311128983
2481,C2H8NPbI3,2.23,4.47,1.8130606033118641
2483,C2H8NPbI3,3.13,4.21,2.659971937007466
2485,C3H10NPbI3,2.89,4.22,2.4221969187975354
2487,C3H10NPbI3,2.77,4.21,2.299971937007466
2489,C3H10NPbI3,2.75,4.22,2.2821969187975353
2491,C3H10NPbI3,2.58,4.76,2.2123165564187746
2493,C3H10NPbI3,2.59,4.66,2.2063668334613835
2495,C3H10NPbI3,2.54,4.82,2.181413526312995
2497,C3H10NPbI3,2.52,4.85,2.1658359276741
2499,C3H10NPbI3,3.42,3.99,2.896710297593233
2501,C3H10NPbI3,3.22,4.09,2.721986215333124
2503,C3H10NPbI3,3.36,4.13,2.8715862559265766
2505,C3H10NPbI3,3.23,4.12,2.739212438066384
2507,C3H10NPbI3,3.22,4.09,2.721986215333124
2509,C3H10NPbI3,2.68,4.32,2.233603802764598
2511,C4H12NPbI3,2.73,4.22,2.2621969187975353
2513,C4H12NPbI3,2.78,4.17,2.3009113634970597
2515,C4H12NPbI3,2.88,4.35,2.4397397600060255
2517,C4H12NPbI3,3.38,3.71,2.7747425264793213
2519,C3H10NPbI3,2.75,4.78,2.3853869683966504
2521,C3H10NPbI3,2.68,4.82,2.321413526312995
2523,C3H10NPbI3,2.74,4.8,2.378419080239324
2525,C3H10NPbI3,2.66,4.84,2.3043709279042597
2527,C3H10NPbI3,2.62,4.8,2.258419080239324
2529,C3H10NPbI3,3.42,3.96,2.8887516330421654
2531,C3H10NPbI3,3.25,4.03,2.7370466297258176
2533,C3H10NPbI3,3.39,3.94,2.8533445598130607
2535,C3H10NPbI3,3.57,3.93,3.030610014225668
2537,C3H10NPbI3,3.39,4.17,2.91091136349706
2539,C2H8NPbI3,2.57,4.99,2.2354300829600695
2541,C2H8NPbI3,2.57,4.98,2.2340850796242813
2543,C2H8NPbI3,2.55,4.98,2.2140850796242812
2545,C2H8NPbI3,2.52,5.02,2.1894169778540826
2547,C2H8NPbI3,3.15,4.5,2.738601264627853
2549,C2H8NPbI3,3.18,4.21,2.709971937007466
2551,C2H8NPbI3,3.11,4.7,2.732868972780173
2553,C2H7N2PbI3,2.48,5.05,2.153333030436782
2555,C2H7N2PbI3,2.49,5.02,2.159416977854083
2557,C2H7N2PbI3,2.46,5.11,2.140959233792534
2559,C2H7N2PbI3,3.11,4.48,2.6949198625196322
2561,C2H7N2PbI3,3.15,4.51,2.740423626664275
2563,C2H7N2PbI3,3.23,4.34,2.787708573590118
2565,CH6NPbI3,2.53,5.0,2.196767024348561
2567,CH6NPbI3,2.46,5.08,2.137179909197487
2569,CH6NPbI3,2.85,4.79,2.4869077718766057
2571,CH6NPbI3,3.32,4.53,2.914032211487509
2573,CH6NPbI3,3.03,4.77,2.6638565900924287
2575,CH6NPbI3,2.89,4.97,2.552731949391076
2577,CH6N3PbI3,2.5,5.34,2.2078502857633726
2579,CH6N3PbI3,2.36,5.34,2.0678502857633725
2581,CH6N3PbI3,2.89,4.69,2.511259023586637
2583,H4NOPb3I,2.82,5.18,2.5095236955588773
2585,H4NOPb3I,2.79,5.23,2.485431768065325
2587,H4NOPb3I,2.86,5.23,2.5554317680653247
2589,H4NOPb3I,2.78,5.22,2.474263722226407
2591,H4NOPb3I,3.12,5.06,2.79462292836609
2593,H4NOPb3I,2.94,5.05,2.613333030436782
2595,H4NOPb3I,3.04,5.23,2.735431768065325
2597,CH5N2PbI3,2.37,5.27,2.070037648524786
2599,CH5N2PbI3,2.63,4.98,2.2940850796242813
2601,CH5N2PbI3,3.28,4.59,2.8845763789195047
2603,C4H12NPbI3,2.55,4.89,2.2016063251957805
2605,C4H12NPbI3,2.54,4.88,2.1901770193124337
2607,C4H12NPbI3,3.23,3.92,2.6878545143113564
2609,H5N2PbI3,2.56,5.04,2.232035446929092
2611,H5N2PbI3,2.65,5.16,2.337112238173563
2613,H5N2PbI3,2.94,5.1,2.619706866924799
2615,H5N2PbI3,3.21,4.91,2.8644387823475936
2617,H5N2PbI3,2.79,5.2,2.481907381979069
2619,H5N2PbI3,3.35,5.03,3.0207301166643887
2621,H5N2PbI3,2.86,5.21,2.553088944143074
2623,H5N2PbI3,2.64,5.16,2.327112238173563
2625,H5N2PbI3,2.79,5.19,2.480718983398266
2627,H4NPbI3,3.31,4.63,2.921379239009093
2629,H4NPbI3,2.85,4.78,2.4853869683966505
2631,H4NPbI3,3.27,4.67,2.8880080429876807
2633,C3H10NPbI3,2.45,4.89,2.101606325195781
2635,C3H10NPbI3,2.49,4.83,2.1328968193405617
2637,C3H10NPbI3,2.57,4.98,2.2340850796242813
2639,C3H10NPbI3,2.62,5.0,2.286767024348561
2641,C3H10NPbI3,2.81,4.65,2.4247150241051694
2643,C3H10NPbI3,2.6,5.03,2.2707301166643887
2645,C3H10NPbI3,2.47,4.84,2.1143709279042597
2647,C3H10NPbI3,3.12,4.06,2.6145992142926318
2649,C3H10NPbI3,3.07,4.4,2.639688822764154
2651,C3H10NPbI3,3.09,4.38,2.6557500682176154
2653,C3H10NPbI3,3.14,4.39,2.7077261745587675
2655,C3H10NPbI3,3.31,4.16,2.8286052843422955
2657,C3H8NPbI3,2.4,5.16,2.087112238173563
2659,C3H8NPbI3,2.34,5.2,2.0319073819790687
2661,C3H8NPbI3,2.48,5.1,2.159706866924799
2663,C3H8NPbI3,2.32,5.22,2.014263722226407
2665,C3H8NPbI3,2.85,4.62,2.4596950773371016
2667,C3H8NPbI3,2.97,4.63,2.581379239009093
2669,C3H8NPbI3,2.99,4.65,2.6047150241051695
2671,C3H8NPbI3,3.24,4.6,2.846293743322969
2673,C3H8NPbI3,3.4,4.28,2.9452209586379827
2675,C3H8NPbI3,3.38,4.29,2.9273386695743895
2677,C3H8NPbI3,3.06,4.64,2.6730525234427964
2679,C3H8NPbI3,3.21,4.57,2.81110776727272
2681,C3H8NPbI3,3.12,4.66,2.7363668334613838
2683,C3H8NPbI3,3.34,4.14,2.8539428929913195
2685,C3H8NPbI3,3.25,4.16,2.7686052843422955
2687,C3H5N2PbI3,2.37,5.06,2.04462292836609
2689,C3H5N2PbI3,2.35,5.2,2.041907381979069
2691,C3H5N2PbI3,2.39,5.25,2.0877478678898513
2693,C3H5N2PbI3,2.51,5.17,2.198321465107581
2695,C3H5N2PbI3,3.1,4.52,2.692233906762179
2697,C3H5N2PbI3,3.15,4.54,2.7458186462338694
